Node,Type,Schema,Layer
source.1,source,,1
source.2,source,,1
source.3,source,,1
source.4,source,,1
source.5,source,,1
file.6,file,,2
file.7,file,,2
file.8,file,,2
file.9,file,,2
file.10,file,,2
file.11,file,,2
file.12,file,,2
file.13,file,,2
file.14,file,,2
file.15,file,,2
file.16,file,,2
file.17,file,,2
file.18,file,,2
file.19,file,,2
file.20,file,,2
file.21,file,,2
file.22,file,,2
file.23,file,,2
file.24,file,,2
file.25,file,,2
file.26,file,,2
table.27,table,stage,3
table.28,table,stage,3
table.29,table,stage,3
table.30,table,stage,3
table.31,table,stage,3
table.32,table,stage,3
table.33,table,stage,3
table.34,table,stage,3
table.35,table,stage,3
table.36,table,stage,3
table.37,table,stage,3
table.38,table,stage,3
table.39,table,stage,3
table.40,table,stage,3
table.41,table,stage,3
table.42,table,stage,3
table.43,table,stage,3
table.44,table,stage,3
table.45,table,stage,3
table.46,table,stage,3
table.47,table,stage,3
table.48,table,base,4
table.49,table,base,4
table.50,table,base,4
table.51,table,base,4
table.52,table,base,4
table.53,table,base,4
table.54,table,base,4
table.55,table,base,4
table.56,table,base,4
table.57,table,base,4
table.58,table,base,4
table.59,table,base,4
table.60,table,base,4
table.61,table,base,4
table.62,table,base,4
table.63,table,derive,5
table.64,table,derive,5
table.65,table,derive,5
table.66,table,derive,5
table.67,table,derive,5
table.68,table,derive,5
table.69,table,derive,5
table.70,table,derive,5
table.71,table,derive,5
table.72,table,derive,5
table.73,table,derive,5
table.74,table,derive,5
table.75,table,derive,5
table.76,table,derive,5
table.77,table,derive,5
table.78,table,derive,5
table.79,table,derive,5
table.80,table,derive,5
table.81,table,derive,5
table.82,table,derive,5
table.83,table,derive,5
table.84,table,derive,5
table.85,table,derive,5
table.86,table,derive,5
table.87,table,derive,5
table.88,table,derive,5
table.89,table,derive,5
table.90,table,derive,5
table.91,table,derive,5
table.92,table,derive,5
table.93,table,derive,5
busproc.94,busproc,,6
busproc.95,busproc,,6
busproc.96,busproc,,6
busproc.97,busproc,,6
